"","Participant_ID","Q1_V1_IH","Q1_Time","Q2_V1_ID","Q2_Time","Q3_V2_IH","Q3_Time","Q4_V2_ID","Q4_Time","Q5_V3_IH","Q5_Time","Q6_V3_ID","Q6_Time","Q7_V4_IH","Q7_Time","Q8_V4_ID","Q8_Time","Q9_V5_IH","Q9_Time","Q10_V5_ID","Q10_Time","Q11_V6_IH","Q11_Time","Q12_V6_ID","Q12_Time","Q13_V7_IH","Q13_Time","Q14_V7_ID","Q14_Time","Q15_V8_IH","Q15_Time","Q16_V8_ID","Q16_Time","Q17_V9_IH","Q17_Time","Q18_V9_ID","Q18_Time","Q19_V10_IH","Q19_Time","Q20_V10_ID","Q20_Time","Total_Time"
"2",21969,"83","25,367","72","28,714","92","46,591","85","81,781","81","37,052","92","21,325","73","60,539","84","23,097","55","33,315","83","41,676","77","17,236","92","26,172","71","55,673","89","19,558","68","25,965","93","28,258","92","22,956","87","12,223","88","8,938","81","39,743","1008"
"3",25949,"70","36,092","99","34,131","30","65,645","99","37,451","5","33,723","95","30,974","90","40,352","98","38,589","95","59,886","80","39,197","70","31,941","20","46,661","80","104,079","70","36,592","90","49,697","50","34,687","66","24,594","96","34,006","90","32,789","81","37,039","1292"
"4",79271,"90","74,447","60","63,951","82","15,18","60","35,46","84","77,72","70","19,014","65","26,518","60","75,138","45","36,144","51","89,37","75","71,966","50","87,389","47","25,209","90","32,158","70","20,194","90","34,657","80","16,672","90","84,287","40","23,684","64","31,57","1276"
"5",23043,"93","5,788","70","1,562","76","6,703","100","15,426","43","5,905","56","0,719","100","14,311","57","2,281","100","5,587","67","8,901","12","6,552","13","17,972","30","4,258","43","2,542","92","4,593","100","8,185","39","2,102","38","3,336","16","1,858","13","10,694","259"
"6",87566,"100","17,205","50","21,501","85","13,215","100","20,676","100","15,891","85","20,465","40","19,119","70","26,9","35","33,136","85","20,844","45","16,165","65","20,636","60","18,489","55","19,522","60","24,425","90","33,988","90","23,836","90","22,147","60","22,807","45","18,594","672"
"7",96822,"72","4,184","69","4,356","75","12,007","88","2,476","88","19,358","95","4,315","69","13,251","82","4,667","65","17,339","74","12,662","63","21,378","72","7,057","90","10,212","91","15,542","73","3,926","70","78,906","93","12,309","91","6,204","84","42,095","90","5,778","582"
"8",10914,"85","23,524","60","50,058","65","19,913","90","31,726","50","22,801","75","20,832","75","21,07","70","28,206","55","19,313","90","26,329","40","31,11","45","26,233","80","31,137","50","24,97","65","19,974","65","24,793","50","23,518","75","37,188","55","25,208","50","33,717","852"
"9",98412,"90","77,388","90","12,64","91","29,576","82","9,31","51","17,436","59","74,105","91","13,667","30","34,863","80","18,404","71","23,852","91","17,901","91","18,43","70","25,996","83","39,065","33","9,26","60","46,021","60","21,706","88","9,811","50","22,178","50","17,875","869"
"10",91684,"58","1,472","51","1,438","48","1,653","46","1,318","41","0,408","46","0,364","44","455,178","50","2,929","48","1,372","56","0,418","48","0,697","43","1,971","51","0,588","49","1,02","57","0,155","42","2,081","60","114,893","50","10,166","50","2,469","60","24,855","1030"
"11",33651,"90","20,839","60","19,979","52","74,623","50","4,921","40","7,334","10","35,159","71","37,072","31","16,093","63","39,478","72","7,357","30","133,709","30","33,975","71","7,126","91","16,84","71","7,428","71","18,791","92","24,911","81","11,264","100","68,31","100","6,143","933"
"12",48372,"97","19,835","100","26,669","20","45,263","10","25,588","85","34,023","62","40,651","80","26,349","76","58,159","92","43,651","72","39,236","5","22,201","1","36,221","80","36,609","81","25,468","64","29,687","38","34,128","20","21,067","100","65,784","60","28,896","45","27,783","1094"
"13",35284,"70","19,38","51","22,051","50","11,325","70","22,132","100","39,3","100","97,988","50","17,04","50","30,695","75","21,996","78","15,618","40","16,471","20","23,032","61","21,115","71","20,324","40","29,982","72","13,155","71","27,146","71","14,942","50","95,218","50","25,318","894"
"14",96286,"94","38,8","72","56,565","20","47,385","51","13,762","81","56,885","82","19,259","100","31,882","64","61,507","43","46,166","100","87,543","25","18,865","38","40,207","100","27,561","100","44,973","100","35,67","66","21,214","100","41,267","100","4,124","97","15,457","52","35,919","1265"
"15",16091,"70","33,406","100","37,447","80","31,872","100","25,411","60","38,637","50","24,844","50","87,541","50","43,914","50","47,508","100","42,501","50","32,022","40","25,389","65","35,463","80","41,029","93","53,394","70","29,452","65","62,016","75","35,913","75","39,458","80","61,51","1327"
"16",87829,"100","104,089","77","43,892","81","16,443","86","38,714","95","29,051","80","31,032","70","41,037","14","67,183","0","36,612","100","24,529","10","52,392","21","21,301","95","37,103","90","47,022","10","35,757","100","39,63","34","46,679","40","55,32","100","33,476","84","40,449","1254"
"17",43371,"50","1,03","50","1,559","51","0,591","50","2,346","50","3,178","50","1,942","50","7,277","50","0,324","51","0,266","51","0,366","47","2,802","50","1,093","50","0,838","50","0,456","52","1,015","48","1,113","50","0,854","52","0,888","51","2,809","49","0,546","216"
"18",22276,"90","47,8","75","23,454","80","30,173","90","38,036","85","97,269","100","20,252","80","47,456","75","73,653","70","89,738","96","22,5","60","33,064","30","67,278","100","21,469","80","44,081","90","188,79","90","89,941","50","49,649","90","37,974","86","29,63","70","17,844","1611"
"19",32332,"87","33,033","44","67,191","93","39,705","100","25,405","35","26,733","75","43,688","61","43,646","43","24,953","24","57,66","75","32,889","10","65,799","32","39,049","49","40,639","85","22,543","42","37,659","70","18,205","40","18,637","69","38,752","67","26,902","42","51,924","1434"
"20",89314,"17","55,578","8","13,541","67","27,774","53","43,82","92","22,475","59","56,15","14","34,801","13","6,696","16","55,559","53","27,267","12","12,921","13","112,095","16","99,712","64","17,489","31","18,647","35","38,9","34","31,657","20","12,627","63","40,881","77","7,464","1477"
"21",46586,"80","2,734","49","21,6","66","2,23","54","4,125","60","8,04","76","0,797","77","10,898","65","6,269","55","25,053","54","1,246","53","3,228","45","2,464","45","27,682","18","14,885","33","8,652","50","1,745","68","2,049","52","95,501","64","3,996","65","1,763","433"
"22",78221,"75","26,935","80","35,668","90","23,539","90","19,722","100","58,4","100","27,297","90","16,166","75","190,352","70","302,573","75","61,75","81","4,659","60","35,374","65","34,986","80","68,614","75","33,575","90","53,041","85","20,023","85","25,821","81","148,285","81","4,465","1774"
"23",79306,"94","15,539","37","17,523","42","51,18","30","16,595","81","17,124","22","9,273","54","5,999","56","10,319","18","16,4","26","9,18","70","18,128","71","6,216","64","7,422","75","9,451","65","17,869","50","22,084","80","5,686","100","10,96","26","4,802","30","9,146","443"
"24",62166,"89","6,185","85","31,415","75","21,212","83","15,017","92","2,876","88","16,222","66","37,901","18","73,104","86","4,615","66","21,122","57","18,776","54","22,743","83","3,718","71","21,419","86","2,772","80","19,65","86","6,502","81","10,152","68","16,894","77","8,463","587"
"25",55894,"72","15,593","49","5,16","79","7,345","82","8,453","86","5,809","83","3,468","82","5,973","80","3,455","82","3,827","86","13,08","45","9,385","57","4,182","68","6,364","87","3,238","73","6,055","80","3,7","81","10,731","89","3,064","75","3,705","67","9,535","273"
"26",27340,"92","23,441","91","20,178","24","13,723","34","77,366","16","32,607","14","18,711","50","44,3","35","12,424","83","13,854","44","16,138","82","15,45","47","14,413","61","8,827","81","20,356","74","8,137","92","7,73","55","16,049","35","19,082","53","17,132","82","13,453","584"
"27",71576,"91","22,029","50","14,627","80","25,8","90","25,27","95","19,755","90","24,931","88","16,152","70","55,333","60","36,371","90","22,842","20","17,523","14","36,749","71","19,138","70","12,779","70","16,279","50","19,261","70","16,464","60","21,949","30","24,693","30","21,007","795"
"28",73629,"52","1,787","72","1,712","57","4,486","48","3,497","61","1,55","69","2,239","53","3,038","43","2,12","54","4,054","59","3,15","50","1,883","50","1,853","53","2,487","63","28,342","59","2,069","44","2,225","50","2,669","56","2,456","54","5,173","49","3,471","308"
"29",98959,"93","15,137","90","4,293","76","7,731","76","5,944","66","17,373","55","14,066","76","18,334","85","1,687","64","15,457","66","5,204","55","4,662","46","9,328","55","13,439","80","31,825","76","1,658","61","10,413","72","2,088","100","8,106","79","7,928","82","20,508","405"
"30",19846,"65","1,36","84","3,889","60","27,972","77","5,23","69","4,329","70","4,894","55","41,024","75","2,266","62","28,312","65","4,428","50","18,293","70","1,988","60","6,606","57","10,921","58","8,045","70","8,844","61","3,191","80","37,813","66","8,816","60","8,745","464"
"31",84238,"97","24,566","88","31,087","62","21,95","83","24,808","38","34,49","100","24,274","79","21,743","87","21,63","77","25","86","25,802","8","23,02","8","23,909","71","20,365","64","24,268","48","29,634","40","23,516","40","32,834","66","26,389","46","16,815","40","27,227","774"
"32",61378,"86","10,011","71","15,98","65","19,975","68","21,028","85","15,646","79","12,004","81","11,628","58","17,754","60","22,97","88","24,835","19","16,199","24","26,654","65","15,259","81","12,689","82","12,457","69","13,577","92","18,812","88","8,572","82","14,091","70","20,834","643"
"33",60909,"54","18,461","76","16,385","49","22,493","50","30,977","72","23,683","45","21,951","54","14,654","50","62,353","92","23,633","90","25,186","21","20,444","48","32,529","83","21,065","57","21,781","41","8,963","70","26,638","61","19,316","83","20,613","78","41,042","82","17,696","749"
"34",75850,"94","22,897","75","6,381","91","16,09","79","17,927","58","8,24","63","15,422","55","21,386","55","30,281","77","7,501","77","23,332","41","13,801","31","43,987","84","20,877","79","4,686","81","15,8","100","10,402","76","47,932","80","19,201","88","26,332","84","63,016","633"
"35",30621,"71","19,1","50","27,475","45","19,019","99","20,165","100","22,667","100","19,63","80","21,382","50","34,864","50","27,746","90","31,957","65","21,302","65","35,857","91","40,235","100","15,801","100","27,323","90","9,02","100","19,568","85","31,08","100","17,763","100","9,018","845"
"36",99783,"42","5,178","55","0,977","27","0,824","46","2,518","51","1,174","36","1,095","51","1,768","55","0,319","41","0,32","45","0,578","52","0,514","47","0,355","69","1,88","42","0,331","81","0,807","69","0,832","92","1,365","45","0,604","31","1,224","65","4,601","175"
"37",98191,"65","19,618","44","16,045","60","41,485","57","32,922","69","45,953","61","31,76","58","24,641","70","32,663","72","31,986","15","42,472","86","52,444","69","30,284","21","26,822","61","61,293","21","22,001","13","33,91","71","17,141","38","38,54","51","31,272","54","28,513","1129"
"38",62306,"90","132,179","70","113,321","45","195,34","60","113,263","90","88,239","80","21,926","70","39,379","60","133,216","50","113,294","40","86,509","95","41,72","55","35,439","75","78,73","40","32,297","80","108,858","70","104,519","90","113,062","70","46,606","90","55,204","60","44,608","2366"
"39",33261,"90","17,967","89","17,396","37","39,153","81","11,744","69","31,938","89","46,971","79","17,6","65","86,684","100","28,983","88","23,209","78","27,823","58","20,281","89","20,424","88","26,579","75","48,286","76","16,46","91","16,014","76","14,822","79","24,219","59","19,817","784"
"40",86909,"100","22,153","100","14,795","62","17,383","51","18,694","51","13,702","82","19,301","51","36,101","95","16,281","80","19,469","96","24,011","31","18,024","20","31,392","74","15,934","74","16,304","83","15,317","83","16,153","84","22,737","81","18,815","71","7,92","72","27,306","706"
"41",38454,"86","15,981","93","27,723","82","15,175","90","23,752","95","27,156","76","23,967","95","15,977","62","21,76","15","19,945","81","22,729","7","21,796","23","12,821","51","15,337","46","20,464","86","23,021","62","18,626","65","32,986","75","16,87","16","17,8","29","19,641","714"
"42",59279,"64","15,852","61","45,921","74","11,78","73","29,156","71","3,6","76","58,421","76","12,931","39","43,177","66","59,846","75","13,276","39","16,993","65","20,439","63","9,237","64","4,989","63","21,099","30","18,295","67","17,715","74","11,69","85","22,137","85","4,303","715"
"43",18853,"95","26,665","65","18,127","85","19,553","85","20,026","95","14,292","85","36,958","75","21,997","65","35,644","85","8,754","80","37,134","95","18,848","95","12,717","95","6,657","80","55,842","95","11,402","95","58,727","90","24,118","90","16,726","95","26,557","95","8,415","1192"
"44",92254,"88","17,741","69","34,715","75","51,15","58","18,86","70","27,696","75","47,33","55","42,924","59","32,463","65","101,69","87","64,624","60","37,951","69","26,374","60","19,274","76","24,568","86","28,599","76","73,715","92","27,152","87","19,734","80","30,319","55","31,395","1211"
"45",41171,"81","29,379","74","31,669","49","41,284","41","43,339","74","21,62","24","38,023","61","57,075","79","46,383","48","48,801","66","4,604","52","25,501","57","23,957","78","26,501","80","41,023","93","32,824","82","25,348","71","31,203","21","33,787","83","23,251","75","24,19","989"
"46",60450,"81","26,042","50","36,94","60","62,185","100","40,025","100","32,932","50","18,556","50","28,702","70","36,945","30","116,082","100","29,738","60","49,174","40","37,357","50","18,392","80","37,609","80","22,643","50","63,94","60","24,716","50","34,976","50","16,59","60","28,159","1090"
"47",14757,"100","21,71","100","12,586","31","10,218","100","32,501","90","33,78","97","21,528","89","38,493","94","32,487","10","21,73","100","23,165","78","9,212","100","40,496","63","11,598","50","21,827","79","8,239","96","41,426","81","19,94","100","19,4","45","6,44","90","32,678","903"
"48",13347,"68","24,059","61","20,475","63","19,985","71","33,048","74","26,274","72","30,656","68","35,242","72","29,38","20","33,846","69","34,161","20","31,936","16","36,286","75","38,155","71","45,946","22","44,043","18","17,885","64","28,1","63","38,892","72","23,013","89","28,589","975"
"49",27550,"80","26,023","84","12,627","60","36,608","82","32,995","74","70,969","55","52,624","90","47,315","80","36,6","70","24,408","75","40,397","45","26,017","25","32,223","65","63,465","50","23,882","87","21,557","80","17,324","70","45,481","66","20,376","41","20,241","46","41,434","1031"
"50",91358,"80","30,535","70","41,545","80","40,629","90","36,421","80","46,552","90","50,136","70","34,582","30","121,1","90","51,188","80","49,148","50","27,527","80","47,269","80","38,066","70","51,677","50","46,329","60","33,383","100","30,87","100","44,139","80","73,842","70","33,225","1350"
"51",29121,"100","31,81","100","23,968","85","19,525","75","38,748","95","39,594","70","30,852","50","36,758","50","107,389","85","41,06","85","36,803","25","23,765","20","62,829","80","36,719","85","30,063","30","53,57","20","37,737","90","33,144","70","49,182","85","49,625","90","33,292","1419"
"52",41059,"60","22,456","78","58,468","29","39,5","29","12,899","50","14,128","40","72,386","40","30,216","60","47,069","64","11,823","50","23,4","95","60,363","95","11,952","85","90,985","75","32,501","77","29,077","75","17,053","80","36,772","75","11,255","91","74,544","80","9,164","1136"
"53",92756,"94","45,982","78","46,875","63","19,667","94","36,22","37","44,622","86","26,65","77","31,302","65","45,871","62","42,418","90","55,684","6","34,166","25","28,3","83","22,333","87","34,86","77","42,394","40","49,191","87","22,39","70","47,04","50","25,522","39","53,736","1245"
"54",55756,"80","55,779","70","32,66","100","24,529","100","29,324","50","17,501","60","19,296","60","32,138","40","87,208","80","20,609","85","92,886","5","44,284","40","49,685","80","55,426","30","51,748","65","21,059","60","14,376","70","38,739","50","12,64","100","14,804","70","46,744","991"
"55",24486,"88","22,34","92","15,696","29","18,012","63","27,269","100","17,617","47","16,82","68","20,599","59","8,575","71","20,524","86","20,187","56","21,574","37","52,519","80","28,4","90","33,395","82","19,554","92","19,353","81","19,599","88","17,842","79","12,076","81","11,125","692"
"56",47511,"97","31,861","88","41,058","39","69,257","95","33,838","67","26,895","78","37,848","79","149,726","64","39,325","77","31,216","87","42,122","22","31,664","20","76,444","80","45,43","78","88,345","90","176,418","91","58,179","43","25,36","89","49,49","93","41,665","91","30,07","1937"
"57",82848,"100","38,771","41","74,95","80","77,496","100","89,357","99","50,888","100","43,698","83","97,381","92","158,324","100","100,726","100","32,089","1","32,663","99","38,983","100","33,814","100","122,359","100","39,47","100","56,205","100","49,958","100","41,003","28","282,789","91","12,158","2244"
"58",98794,"93","117,249","92","28,592","69","10,242","77","39,174","81","99,932","81","15,086","79","41,717","48","89,657","64","22,305","64","37,689","22","39,063","42","21,441","91","40,08","92","55,948","79","48,367","94","74,888","77","53,703","78","30,917","84","11,7","71","39,084","1224"
"59",70690,"75","72,684","100","84,988","80","535,755","100","56,274","90","94,1","81","14,808","80","128,281","100","34,683","10","44,575","100","17,164","5","21,379","40","11,056","100","60,991","100","17,586","100","59,107","100","30,6","80","21,3","100","16,445","50","22,147","60","13,677","1561"
"60",43189,"80","38,877","85","34,688","66","48,981","71","39,647","75","89,579","75","14,884","60","22,075","58","19,024","70","24,425","75","25,103","56","48,952","45","27,627","45","6,742","45","45,999","55","7,859","42","7,124","80","34,18","65","28,696","44","49,887","40","196,819","1394"
"61",74251,"50","0,998","50","28,01","43","0,793","51","1,659","61","8,091","55","0,826","40","0,551","57","0,739","47","10,425","41","0,4","60","0,798","35","1,366","50","4,73","55","1,004","50","0,76","43","1,581","47","2,856","53","1,166","45","1,664","54","0,591","229"
"62",92722,"90","6,112","61","7,801","30","6,382","71","2,301","50","12,238","50","5,477","51","5,88","50","8,491","50","5,429","50","10,748","72","9,678","70","8,144","50","3,078","75","5,55","75","5,7","75","6,309","50","2,846","50","5,015","67","4,919","50","1,642","294"
"63",66718,"77","2,277","63","7,897","68","4,721","70","20,651","58","2,84","76","2,068","67","1,879","27","9,776","66","6,973","29","19,304","30","8,599","24","17,186","21","20,067","23","5,468","68","4,776","65","11,563","76","7,015","75","20,838","67","5,109","76","6,549","331"
"64",39853,"62","7,117","67","1,91","76","2,647","60","4,92","83","7,956","71","3,427","68","7,047","83","12,023","64","2,714","75","1,303","82","20,932","64","5,12","58","1,862","75","2,164","66","2,682","66","1,78","76","8,487","53","2,938","83","15,618","70","2,197","382"
"65",34820,"39","0,642","35","3,816","64","1,386","40","4,042","44","0,968","42","2,365","69","4,536","42","18,829","63","3,326","41","2,096","36","14,936","35","0,347","86","1,848","46","1,858","59","51,484","50","46,316","46","2,566","61","0,361","32","0,511","42","15,604","424"
"66",60386,"93","26,317","82","7,044","58","7,657","55","4,505","71","10,202","91","21,687","62","8,062","76","11,694","46","12,456","85","29,7","65","6,266","82","10,362","87","4,658","65","16,397","73","6,052","82","11,281","85","5,435","83","21,253","88","13,404","88","20,029","444"
"67",95712,"76","0,86","86","1,519","77","9,037","71","1,078","91","6,961","23","0,501","72","1,778","69","163,151","34","7,058","41","0,732","48","0,4","84","0,557","94","5,546","97","10,27","88","7,45","40","1,313","70","44,447","66","2,67","11","7,414","44","0,553","505"
"68",28626,"90","10,037","82","10,442","66","9,853","90","15,7","63","12,303","100","14,521","65","14,499","89","17,285","32","29,236","72","21,436","92","10,203","88","21,321","87","17,89","82","5,925","91","14,331","59","8,089","61","15,649","74","8,983","54","9,136","57","14,836","481"
"69",24651,"100","47,328","100","19,57","69","13,029","66","3,461","68","7,1","62","14,121","70","17,744","61","15,099","54","3,88","74","39,125","69","6,09","83","9,539","55","5,198","81","28,495","75","4,81","67","5,58","100","9,559","80","24,329","56","5,5","60","10,737","498"
"70",60150,"72","2,896","82","3,217","41","8,335","37","2,501","78","24,715","48","1,184","64","1,598","69","1,614","85","3,141","61","24,246","37","0,778","41","2,052","63","22,166","73","4,154","77","1,546","51","1,732","40","18,072","34","0,975","57","1,75","49","6,049","281"
"71",24277,"95","13,946","96","16,317","54","21,894","76","12,5","76","22,537","60","12,791","57","12,025","55","23,838","71","18,25","76","24,836","15","16,801","14","23,564","45","13,372","78","18,277","40","20,142","68","9,666","68","15,267","87","22,5","31","13,443","51","23,85","590"
"72",14369,"88","17,593","87","10,742","19","22,373","90","18,358","83","27,589","11","21,739","91","20,76","83","18,365","22","23,588","80","15,093","31","11,453","10","27,497","82","7,814","73","16,707","48","15,679","82","14,341","83","19,456","71","14,363","75","14,03","75","30,88","632"
"73",73158,"100","14,701","100","13,008","64","26,329","54","19,501","31","18,233","63","21,314","98","21,202","91","11,224","75","13,258","100","16,267","69","4,79","36","31,298","71","16,185","99","10,533","96","18,002","88","6,173","94","11,379","71","11,69","100","20,257","70","6,205","621"
"74",15626,"60","22,663","90","11,934","35","6,382","80","36,529","65","3,597","75","5,673","50","71,534","50","9,076","70","51,589","60","6,938","30","8,547","35","8,179","100","10,145","100","6,36","65","6,194","80","13,598","65","4,411","70","74,087","60","19,581","45","21,63","673"
"75",60258,"50","7,139","50","15,372","100","33,934","90","5,029","100","18,13","100","7,44","81","13,117","73","7,012","75","39,748","75","10,538","9","3,604","10","18,074","74","4,606","70","17,926","100","6,826","100","16,039","39","13,866","95","19,395","91","15,27","90","29,801","598"
"76",34322,"100","21,414","100","16,611","100","12,785","98","7,145","100","22,386","100","16,418","100","67,601","100","2,799","51","31,139","47","20,221","10","6,601","10","35,736","100","40,086","100","5,091","76","25,773","80","10,365","100","20,729","100","18,641","100","7,261","100","23,87","684"
"77",19372,"84","8,28","80","36,243","90","45,175","93","3,039","61","23,621","80","12,03","90","4,104","91","20,762","91","2,884","92","3,801","40","41,354","40","13,415","99","4,778","90","46,762","40","4,341","93","11,71","72","4,253","72","5,963","60","5,1","71","27,422","724"
"78",59194,"80","17,796","91","16,119","71","37,001","90","12,386","72","21,715","49","13,368","92","22,076","81","23,495","60","27,831","81","20,311","61","15,091","41","23,367","61","24,458","82","14,299","61","19,865","61","17,392","47","21,089","71","30,836","41","18,426","43","22,579","699"
"79",82578,"92","13,954","60","22,587","72","21,474","82","32,196","91","28,192","82","21,856","60","22,875","61","21,7","91","22,801","95","19,078","23","20,746","9","18,494","91","18,745","91","20,178","70","20,429","20","22,996","30","36,446","82","18,774","72","21,094","96","21,185","738"
"80",93267,"100","21,449","100","34,426","100","15,504","92","9,014","100","41,883","85","18,102","70","21,576","80","122,757","52","27,698","59","12,03","72","29,953","51","31,859","80","11,064","72","8,726","71","12,571","95","28,862","100","22,42","100","7,391","100","13,601","100","33,497","813"
"81",45521,"68","17,473","42","29,48","28","19,262","74","15,438","62","64,999","11","26,026","60","7,33","52","6,974","85","51,585","32","9,084","64","15,56","53","21,155","72","15,127","38","45,094","54","42,175","42","23,834","51","3,935","21","19,389","62","41,583","65","6,104","750"
"82",49130,"82","64,886","80","16,457","70","22,977","75","107,268","75","14,641","76","16,36","80","17,36","71","23,778","86","14,022","91","12,346","66","12,4","70","22,678","91","16,341","80","77,787","66","57,682","75","24,257","65","45,463","91","16,463","81","12,072","75","15,538","802"
"83",11487,"82","32,353","58","37,882","86","25,396","96","51,092","97","27,168","61","24,161","65","45,977","74","24,233","98","30,182","44","37,767","67","27,921","74","20,978","77","30,36","85","18,929","92","26,067","88","20,798","63","38,258","65","13,9","66","5,038","74","7,443","834"
"84",96015,"100","28,97","36","21,335","100","13,298","82","30,601","100","16,203","100","30,122","100","25,029","73","32,385","73","27,232","100","22,931","100","29,114","100","22,65","100","39,271","100","15,504","31","24,527","100","43,824","100","34,434","100","15,985","100","24,435","100","19,377","804"
"85",12792,"84","12,232","77","15,194","69","15,464","82","19,72","86","7,411","88","15,452","70","10,959","32","44,226","76","24,211","78","13,121","50","18,336","60","20,699","83","6,441","79","22,658","75","5,406","50","19,21","80","16,568","81","14,396","50","12,675","51","32,251","571"
"86",13285,"80","20,274","83","27,372","73","22,642","72","14,595","73","180,884","91","11,4","63","11,913","83","18,652","47","18,879","88","15,667","97","13,484","91","16,775","86","13,35","92","13,128","66","14,029","86","16,509","90","16,949","86","8,304","47","5,716","57","21,877","762"
"87",82912,"95","14,934","92","14,019","80","18,673","94","46,936","92","39,002","96","12,114","83","33,414","36","32,447","88","31,363","95","32,379","25","21,061","15","18,945","53","24,866","83","18,421","29","24,023","51","6,714","37","13,924","77","12,118","30","32,281","31","9,865","815"
"88",31448,"87","20,867","80","26,278","50","35,016","66","20,801","79","19,574","96","18,778","67","24,611","63","22,875","77","32,798","92","30,396","91","21,151","71","36,523","76","25,572","72","25,461","86","19,5","61","24,585","65","19,845","28","43,134","44","14,489","20","37,317","837"
"89",49103,"96","23,722","90","20,088","90","26,252","90","33,67","97","27,308","98","23,125","95","36,125","90","36,673","85","25,99","75","22,01","2","22,791","2","28,223","95","57,605","85","31,289","95","20,283","95","22,204","90","25,301","80","38,392","30","38,089","20","24,532","873"
"90",63659,"96","26,527","97","20,33","74","23,162","70","20,567","17","18,575","43","23,927","82","27,024","80","42,5","98","21,012","90","27,865","2","26,161","3","36,431","34","13,372","27","25,427","74","30,922","86","13,472","61","24,557","71","22,616","57","10,726","33","29,464","822"
"91",58355,"81","9,675","78","35,534","67","61,325","74","13,226","71","26,296","82","24,546","63","11,499","71","18,178","62","25,017","80","14,75","42","14,994","31","30,042","72","118,284","64","11,464","61","14,075","76","12,428","65","11,854","81","19,946","85","24,28","81","10,268","896"
"92",63956,"98","18,139","83","19,788","63","26,952","97","25,446","69","12,641","79","32,157","88","16,109","79","46,792","70","30,177","88","18,901","8","10,993","13","59,253","92","22,441","70","32,845","96","29,45","82","28,753","81","18,069","95","31,06","54","12,149","65","26,253","860"
"93",64780,"83","20,219","70","35,65","69","21,78","70","18,974","76","20,817","11","21,36","39","22,994","66","31,514","26","23,471","59","37,386","19","13,273","23","21,667","60","26,424","83","22,1","97","58,579","58","21,205","92","23,027","92","15,368","4","14,757","4","39,455","905"
"94",32385,"93","9,716","92","34,582","19","26,116","20","18,435","98","18,772","99","16,903","92","33,701","84","51,954","66","28,794","61","9,313","61","46,47","29","11,533","60","54,144","56","9,424","22","13,561","15","6,927","39","18,616","43","16,558","20","3,709","21","12,778","930"
"95",59001,"100","27,258","95","24,101","100","21,38","98","14,001","57","24,375","100","24,089","50","15,801","35","25,43","94","47,203","94","16,9","10","10,278","10","83,729","96","24,733","90","10,229","86","15,037","100","121,445","34","16,195","34","21,602","35","11,956","60","27,625","903"
"96",85164,"80","18,571","40","26,571","70","31,238","95","28,768","95","29","75","15,684","65","28,651","35","14,908","55","50,68","90","15,942","55","27,871","5","29,61","80","23,07","65","22,962","80","38,616","70","14,272","40","8,472","60","21,554","60","24,573","35","17,428","919"
"97",65955,"91","36,741","88","29,323","71","24,075","91","34,723","71","32,604","95","24,4","82","23,211","58","61,353","90","47,543","92","53,473","29","41,206","28","27,535","83","23,052","80","26,501","36","35,576","48","19,472","72","29,701","90","35,239","82","43,209","81","23,729","980"
"98",32914,"100","20,919","34","23,231","95","39,778","100","16,524","90","19,348","92","22,07","100","27,074","72","33,205","10","24,736","100","25,747","68","31,399","5","28,629","80","75,9","70","35,482","100","37,899","100","18,768","64","15,306","45","31,777","96","21,8","88","29,965","936"
"99",60332,"82","24,57","30","19,144","82","28,74","61","27,235","50","34,124","83","28,785","60","25,418","46","23,23","39","23,302","87","26,036","59","40,586","71","26,149","86","27,79","70","26,63","73","29,475","31","18,811","58","33,973","57","27,401","91","26,577","91","24,38","970"
"100",27249,"64","27,444","50","24,154","33","14,855","84","59,645","55","42,924","73","13,558","38","30,944","76","24,941","67","31,418","99","30,88","50","28,093","15","42,181","71","28,445","55","50,221","75","106,901","79","14,554","40","23,809","50","30,483","61","20,261","40","27,19","914"
"101",37964,"60","22,696","67","15,372","50","16,444","70","35,738","80","36,708","70","25,874","60","29,29","60","37,467","69","11,2","69","18,176","2","29,558","1","47,554","60","27,27","50","16,39","70","39,66","95","60,153","70","40,201","70","20,1","40","23,377","50","18,265","851"
"102",42653,"38","29,021","91","28,171","75","26,09","10","30,765","60","22,872","72","28,073","78","24,853","60","179,304","13","42,821","50","85,436","67","13,196","25","42,554","92","20,858","94","9,053","100","15,709","100","21,667","51","17,532","55","56,44","86","25,036","87","6,744","1008"
"103",63630,"50","23,634","51","21,336","18","21,86","19","33,88","100","23,1","99","23,232","100","49,001","51","32,019","3","18,361","51","69,271","1","29,296","1","29,401","82","31,201","50","19,754","81","16,4","99","26,889","81","42,719","81","14,859","51","8,776","50","34,226","1038"
"104",39651,"84","46,679","85","31,023","75","24,32","81","28,643","63","32,749","72","26,14","80","27,667","74","39,808","66","49,908","90","25,524","40","39,011","56","27,616","41","33,373","64","31,203","45","32,251","57","36,406","81","24,154","87","22,942","88","24,805","90","46,921","1058"
"105",91486,"100","19,593","90","30,841","20","44,143","15","59,859","70","38,198","90","40,919","80","38,87","60","53,917","20","63,602","90","35,382","2","27,144","5","43,394","75","33,687","20","25,692","5","19,133","30","22,424","85","29,718","100","32,45","5","39,441","10","31,051","978"
"106",65513,"60","41,488","55","38,787","60","40,961","55","39,575","70","25,935","40","39,76","60","29,329","55","35,605","60","27,005","60","24,335","60","38,235","55","25,535","60","34,162","80","75,925","60","23,19","55","25,388","40","20,756","60","44,132","55","29,293","50","27,442","1103"
"107",42927,"100","67,583","0","28,53","100","30,501","95","28,982","75","86,198","95","17,473","25","37,075","95","24,919","2","27,657","100","31,496","40","26,994","20","40,047","75","62,775","60","31,163","100","24,794","90","30,557","60","30,162","90","22,509","15","36,294","5","65,434","1125"
"108",26697,"100","278,296","100","242,262","65","110,619","75","3,445","30","4,64","65","5,088","65","2,514","70","2,919","90","5,484","65","1,163","60","12,952","70","2,952","55","4,973","75","2,967","65","87,304","65","2,091","60","6,044","65","106,704","50","3,425","50","4,062","1167"
"109",42023,"53","21,563","100","16,717","45","1,811","50","211,09","69","75,065","63","2,673","60","88,574","84","2,45","60","12,031","29","5,311","20","31,038","61","3,801","81","16,887","73","13,546","58","8,997","80","22,464","77","7,906","93","16,825","36","1,723","72","22,39","1139"
"110",49117,"100","31,172","100","29,705","71","30,345","93","57,267","89","28,441","98","23,7","89","39,311","93","42,727","62","35,914","94","65,416","74","38,768","39","32,543","65","33,966","65","32,07","73","72,893","66","32,353","81","32,665","86","31,868","70","35,652","41","34,35","1121"
"111",81835,"92","28,169","6","23,066","45","13,304","96","35,666","100","18,768","98","18,929","88","28,565","30","40,409","59","36,612","62","154,755","76","27,592","43","43,874","70","51,004","89","72,25","77","33,2","80","16,208","85","113,393","100","37,87","81","10,864","80","66,944","1181"
"112",99603,"57","1,157","30","1,388","28","1,147","72","1,583","85","1,093","62","720,076","66","2,146","44","0,991","25","2,817","21","1,354","70","1,385","88","6,375","49","1,157","35","2,48","63","1,272","40","2,068","57","5,244","28","0,889","92","12,169","50","1,605","1212"
"113",32818,"76","23,645","80","41,498","63","28,765","66","38,201","83","32,981","72","42,998","78","36,439","61","35,572","71","31,042","63","29,982","30","58,777","31","51,666","75","25,481","51","48,492","77","29,291","51","29,218","75","29,566","76","40,271","51","33,016","52","45,879","1274"
"114",78185,"84","13,999","59","32,032","39","10,96","85","20,668","85","24,013","71","107,43","74","46,534","55","121,293","74","55,855","82","23,946","72","25,138","45","53,022","70","20,924","87","13,68","75","21,943","60","18,392","77","26,693","70","250,128","51","20,816","85","63,115","1277"
"115",88495,"86","21,638","86","12,042","76","146,941","91","22,882","60","29,518","80","20,028","42","20,86","40","62,088","60","231,109","60","106,441","50","16,704","30","75,941","71","17,978","65","32,253","49","28,511","70","13,949","35","73,011","40","19,037","91","13,87","81","24,245","1297"
"116",29863,"93","44,831","70","81,793","83","26,101","83","28,933","87","32,925","76","55,262","60","23,369","40","148,165","48","48,466","84","37,047","20","33,593","43","31,857","73","20,219","80","49,459","87","29,796","80","33,934","92","64,097","89","14,684","66","9,859","60","28,979","1172"
"117",81890,"96","13,301","96","7,195","73","8,145","77","30,129","25","13,113","39","10,659","69","11,449","67","170,67","26","12,96","19","8,283","78","12,387","47","137,552","98","9,436","95","417,961","85","10,442","65","16,494","88","58,709","95","36,336","53","7,092","55","4,543","1268"
"118",96316,"75","34,251","60","30,445","85","39,031","80","60,692","95","27,734","70","45,795","40","54,772","65","33,422","100","33,163","100","31,721","90","42,048","85","79,5","80","36,461","85","41,833","85","31,945","60","48,723","81","36,027","75","53,278","95","43,761","94","41,519","1312"
"119",55989,"50","7,124","51","28,568","52","13,704","42","19,247","63","17,063","72","51,279","60","3,259","36","9,846","31","9,809","50","114,413","80","21,581","68","37,01","50","58,676","66","35,242","51","12,595","50","157,931","83","102,851","72","16,653","82","22,675","65","185,146","1330"
"120",89238,"85","70,559","91","47,35","86","71,364","84","35,504","91","42,374","90","24,239","50","39,389","60","48,416","66","51,908","70","44,702","40","33,66","30","54,673","81","56,824","84","35,323","90","32,045","86","27,799","91","19,61","91","95,812","50","18,752","50","51,328","1370"
"121",48304,"71","43,925","81","49,588","80","51,449","62","28,795","79","66,838","94","28,746","65","23,438","61","29,856","91","64,449","71","96,276","82","61,584","39","17,657","71","59,9","79","15,339","60","25,943","40","67,175","81","50,121","29","100,052","62","56,865","100","30,044","1421"
"122",14842,"100","71,678","100","61,467","50","145,785","75","116,301","100","60,902","100","77,384","100","81,008","100","51,746","100","124,161","100","52,546","80","104,699","20","113,254","80","61,395","100","68,16","100","52,543","100","73,098","100","65,896","100","66,154","80","151,902","100","50,636","3306"
"123",66447,"90","9,592","80","12,82","40","32,235","90","19,329","25","71,762","90","91,507","60","22,616","40","37,24","45","47,775","80","150,183","50","123,617","75","21,918","75","30,15","80","18,33","40","28,256","65","17,345","75","52,001","75","15,23","25","35,804","55","59,066","1359"
"124",91512,"91","39,435","86","37,852","82","154,055","55","106,803","95","15,958","70","20,205","93","7,743","92","27,014","64","69,011","70","33,345","55","20,241","34","30,566","76","17,108","76","11,597","85","20,845","81","29,661","82","89,598","90","28,094","78","46,16","65","15,112","1491"
"125",66311,"93","33,033","100","141,089","100","37,232","93","45,984","80","54,908","100","29,636","96","113,942","100","32,112","81","55,297","100","27,412","40","55,979","20","46,298","81","45,992","72","34,416","62","57,983","100","40,491","91","48,971","100","45,104","100","32,301","75","45,988","1518"
"126",18512,"85","20,236","80","27,029","60","34,158","80","35,557","15","20,823","100","18,555","40","28,869","55","77,602","75","23,536","75","28,243","55","26,208","45","34,367","75","24,403","70","26,5","35","38,191","85","35,938","50","30,335","20","50,825","80","26,856","95","20,333","1581"
"127",18752,"80","65,236","63","72,727","73","55,398","69","36,717","82","47,494","89","77,872","77","95,077","73","70,929","60","113,059","65","31,215","70","96,423","65","74,355","51","32,034","51","52,797","51","22,724","50","61,081","70","29,493","65","84,838","70","112,959","65","37,81","1611"
"128",51580,"72","40,436","81","40,882","70","123,138","70","113,289","86","42,476","81","44,224","77","60,657","60","60,98","62","93,07","77","42,9","44","48,473","50","55,551","72","35,645","82","52,09","65","76,281","61","46,819","75","37,16","84","41,592","72","76,402","50","41,679","1731"
"129",16766,"100","54,601","100","45,88","68","38,8","88","90,201","58","49,3","4","20,466","96","36,1","95","103,064","78","61,001","100","30,375","87","91,497","94","34,371","12","17,168","8","35,212","96","25,457","24","45,197","66","32,501","96","44,196","65","47,3","100","33,642","1802"
"130",51574,"79","53,341","16","71,814","83","77,319","19","43,112","84","37,67","94","64,942","71","39,651","84","10,345","72","80,419","78","36,282","89","54,779","27","53,263","88","53,928","88","33,754","87","79,037","94","11,979","81","50,211","86","9,5","86","12,5","86","14,438","1783"
"131",62634,"93","81,169","92","29,028","86","72,446","73","79,344","79","88,723","94","34,2","87","48,933","87","113,687","70","69,326","91","75,562","94","86,724","61","40,978","73","208,351","90","31,873","78","19,615","83","19,55","69","17,816","81","116,613","92","30,788","81","54,577","1930"
"132",14219,"97","26,609","73","16,342","46","20,637","78","94,618","44","24,138","89","21,962","88","16,134","61","33,89","40","27,077","17","11,636","84","19,422","38","31,155","96","13,148","81","90,5","71","27,55","67","18,935","84","8,924","71","20,893","93","14,047","98","22,428","882"
"133",54739,"90","35,995","91","43,114","89","30,645","99","38,534","65","30,316","90","36,647","90","30,417","50","26,186","50","30,098","39","38,933","55","31,747","55","27,659","85","34,163","85","24,886","71","42,177","85","32,793","75","27,923","90","36,684","65","33,295","82","49,015","1072"
"134",32896,"90","14,81","90","10,046","95","50,027","91","48,747","100","13,03","80","77,99","80","69,706","90","14,035","70","114,28","90","19,246","85","22,734","95","15,307","90","15,983","90","10,387","95","342,639","95","20,62","95","23,975","95","344,994","95","33,714","100","41,753","2183"
"135",51478,"100","42,985","100","153,227","70","45,881","50","113,362","75","65,923","50","101,648","100","80,144","30","201,494","75","37,765","50","128,586","0","51,427","85","67,819","100","24,523","100","49,196","50","99,272","60","69,403","100","55,49","80","46,987","90","43,718","70","49,395","2245"
"136",99964,"30","69,53","40","30,199","45","264,936","52","28,317","71","36,124","80","36,946","51","66,321","61","53,867","51","103,411","20","61,637","10","118,253","30","93,778","40","138,114","20","25,925","70","48,701","81","48,485","90","69,194","80","26,63","80","42,516","50","40,882","2265"
"137",22142,"86","44,851","87","71,527","91","60,566","92","58,435","100","52,868","94","59,843","83","135,73","75","57,592","81","88,25","97","46,204","78","56,908","77","71,07","85","118,439","94","71,7","72","76,759","76","103,272","96","51,279","96","107","93","83,69","99","46,834","2356"
"138",34755,"100","36,988","65","21,408","59","48,327","81","83,919","72","51,639","100","45,128","92","15,796","81","29,224","28","53,569","81","34,096","91","476,395","92","42,581","71","27,372","71","26,359","82","49,907","91","52,988","90","16,556","87","119,761","100","19,351","92","92,737","2526"
"139",12828,"52","85,144","100","51,895","90","67,9","97","52,529","90","100,367","100","42,444","93","108,691","43","152,274","29","85,813","92","97,295","65","131,118","100","86,9","99","91,21","91","130,123","94","120,35","96","45,017","96","49,712","81","81,784","100","77,915","100","63,201","2592"
"140",95998,"85","25,9","85","42,532","65","136,434","90","47,456","65","42,244","75","36,513","80","37,144","80","118,777","45","37,897","90","47,801","20","68,816","25","77,298","70","195,663","85","23,72","45","56,206","35","63,405","81","86,578","80","41,335","75","47,568","75","43,524","2300"
"141",57853,"96","300,349","69","10,317","65","8,109","76","111,401","49","16,046","66","12,876","88","8,691","85","16,433","77","17,985","77","9,244","56","33,467","69","24,971","55","27,958","66","50,874","62","13,371","75","9,282","72","28,705","71","53,849","55","46,063","50","22,21","2737"
"142",30271,"90","383,334","90","29,177","50","46,905","95","66,627","80","49,312","80","49,197","75","27,052","80","112,972","50","765,716","70","104,847","90","47,994","89","52,174","90","43,735","100","50,09","70","80,293","80","64,047","90","33,13","95","63,299","60","24,387","90","45,614","2900"
"143",94982,"85","21,868","65","26,269","20","31,253","60","338,74","70","38,14","80","106,926","55","986,487","50","59,132","45","91,602","90","39,523","30","13,963","40","177,544","80","93,091","55","37,353","55","27,023","70","162,844","90","24,366","70","25,149","80","14,255","80","33,342","2702"
"144",15978,"87","196,334","76","80,701","95","29,14","82","65,985","82","25,51","85","417,26","5","38,431","22","229,537","54","55,994","95","95,915","13","768,32","4","104,512","69","22,933","64","312,736","85","41,905","44","31,43","75","35,218","66","79,177","43","76,227","34","59,902","3249"
"145",87667,"91","48,908","90","45,501","61","73,879","90","67,851","93","34,536","91","24,72","65","92,902","90","70,973","91","42,658","91","39,541","22","42,189","9","124,625","61","25,416","62","39,134","18","26,966","18","26,175","88","58,353","92","54,589","52","29,596","51","31,299","2958"
"146",48894,"75","29,752","65","20,959","50","22,743","35","25,465","80","33,312","90","13,726","80","26,317","55","26,307","45","44,604","50","41,757","25","193,914","60","45,498","50","19,855","40","34,544","85","36,275","90","39,167","70","34,499","60","21,483","90","19,344","80","22,394","3249"
"147",92048,"93","24,093","13","17,592","84","15,718","67","38,635","87","26,139","95","5,939","71","11,31","42","39,105","72","19,557","85","15,566","91","13,207","75","24,773","84","22,553","85","6,303","81","10,527","81","7,322","73","9,767","74","23,033","94","17,411","86","22,058","681"
"148",86516,"70","15,915","86","8,236","81","28,791","71","18,276","87","12,04","95","13,702","50","38,994","60","24,679","56","19,6","88","22,637","54","21,992","48","9,038","69","12,478","44","7,899","42","6,358","39","22,867","62","32,737","71","15,275","90","8,734","51","11,757","520"
"149",57095,"76","29,559","60","39,18","68","37,49","81","39,217","76","56,604","76","64,51","56","55,477","61","50,574","76","27,002","70","40,013","45","35,873","60","35,207","71","49,778","55","47,099","42","32,584","83","49,112","61","41,845","80","31,196","50","2,989","50","72,568","1294"
"150",44970,"80","61,913","60","28,217","65","112,7","60","64,075","55","63,008","90","35,794","70","84,415","75","66,829","75","86,066","80","59,106","60","28,047","60","76,277","40","43,2","45","61,568","60","279,707","60","25,713","70","237,733","55","25,805","65","35,289","60","47,052","2334"
"151",18277,"82","6,487","83","12,29","60","8,602","88","14,302","81","21,295","84","9,709","59","29,388","79","11,952","82","10,353","58","13,619","16","15,345","75","14,558","83","7,125","71","19,791","59","11,509","53","17,647","69","10,058","60","20,595","58","13,01","59","6,44","502"
"152",43846,"95","22,578","75","16,044","95","24,073","95","33,391","100","93,456","80","20,496","90","41,032","90","28,59","70","63,48","100","26,619","80","42,3","85","21,136","95","23,681","95","29,136","95","20,248","85","42,151","100","19,917","100","112,28","90","36,757","85","96,634","1239"
"153",33858,"54","0,405","38","0,45","54","0,142","55","1,089","38","0,222","72","2,067","44","0,144","54","0,801","54","1,032","59","11,529","54","0,445","53","0,407","61","0,362","37","0,532","85","0,017","55","0,134","51","0,8","68","3,64","57","0,813","52","0,672","194"
"154",94757,"66","23,236","61","12,149","75","15,972","85","17,673","95","12,607","91","10,834","53","5,153","61","8,189","62","3,382","77","17,769","69","1,316","56","67,302","71","12,347","81","14,399","81","5,167","66","12,654","75","15,992","81","18,336","71","11,348","92","5,29","457"
"155",11349,"78","59,039","94","8,317","70","10,484","81","59,566","94","5,942","75","8,952","92","9,952","86","4,41","84","19,916","84","45,195","43","46,392","55","9,779","84","4,629","60","7,32","52","47,439","51","19,451","83","8,08","85","10,112","92","7,06","54","8,861","638"
"156",10702,"92","21,077","91","22,49","36","33,176","76","20,291","85","17,83","81","17,896","96","20,652","94","13,184","65","18,579","50","31,275","30","22,188","39","15,949","73","11,077","71","39,972","61","18,172","54","14,083","87","21,672","73","13,831","81","29,76","85","8,466","760"
"157",84002,"94","15,217","70","2,084","75","1,396","76","4,586","76","3,449","60","12,021","75","306,297","72","13,821","58","3,819","66","1,487","38","21,195","42","22,748","100","62,39","76","12,1","87","26,992","90","4,338","89","4,68","77","34,729","90","13,124","81","30,243","862"
"158",26471,"66","25,905","65","1,524","29","43,131","39","11,059","58","3,377","58","4,566","37","2,595","52","1,925","62","1,99","56","18,359","32","1,679","71","1,085","37","1,256","48","5,509","73","62,395","66","8,152","55","4,63","50","1,783","50","8,811","46","7,727","857"
"159",63087,"70","18,922","86","52,311","70","52,196","82","18,919","62","29,854","76","17,253","95","37,463","90","26,74","48","39,817","56","16,486","0","24,949","0","24,106","32","9,65","34","58,013","10","15,955","18","27,953","27","12,194","56","30,28","26","23,6","45","14,815","902"
"160",43701,"92","25,401","89","42,575","81","19,909","92","30,879","30","31,314","74","11,217","82","32,15","82","14,7","91","24,86","90","19,063","91","29,063","80","46,76","92","33,947","78","4,748","89","37,037","70","31,487","83","16,731","77","23,655","82","25,087","75","23,783","974"
"161",22387,"100","14,714","90","19,59","65","21,767","80","26,329","75","22,146","50","15,619","95","24,265","90","23,056","90","19,724","85","26,659","30","27,262","10","45,252","65","24,17","70","20,479","55","28,699","60","14,763","85","22,326","80","17,959","30","11,084","25","24,569","734"
"162",44703,"95","13,044","65","18,601","75","102,16","80","37,587","70","49,521","76","63,236","95","15,032","71","22,868","14","121,42","86","18,146","12","16,767","10","20,899","80","9,223","84","18,401","84","26,88","73","17,41","72","11,69","59","29,603","87","41,968","80","23,772","1026"
"163",31802,"100","8,706","51","34,601","48","24,392","51","159,189","100","23,126","80","15,297","92","6,286","71","17,991","8","11,198","78","6,09","10","8,896","9","11,614","83","8,5","100","11,085","62","18,839","100","18,368","100","21,896","80","6,06","100","4,299","100","35,85","706"
"164",87679,"91","14,217","89","58,592","82","54,477","91","31,062","100","25,277","80","30,755","90","23,971","67","48,248","59","27,024","90","24,073","90","10,401","90","32,188","90","14,218","90","57,184","91","25,817","86","18,869","92","30,563","92","24,434","96","34,114","89","54,402","1020"
"165",89196,"90","22,38","86","17,201","75","26,191","70","76,918","85","35,618","71","49,424","75","62,755","59","21,301","80","64,969","75","12,438","60","41,053","61","21,179","70","20,331","58","32,939","80","42,917","51","7,301","51","17,974","85","24,196","75","11,908","50","35,07","1272"
"166",29740,"96","30,196","61","50,022","95","44,142","81","48,415","71","43,536","97","35,697","75","67,771","61","59,718","50","50,871","95","29,338","81","38,646","95","79,096","51","26,738","92","29,753","46","47,553","80","46,833","87","33,364","95","26,246","60","25,406","36","217,877","1605"
"167",25506,"100","21,996","100","8,561","99","12,546","83","35,296","1","35,339","91","7,943","100","6,201","100","26,195","50","16,867","100","287,478","96","7,846","100","17,641","100","6,07","100","19,144","100","16,447","100","51,333","100","278,374","100","6,799","100","2,344","100","80,617","1716"
"168",55808,"100","16,684","100","14,4","90","26,67","31","316,338","80","226,843","66","39,753","92","88,258","71","24,145","71","24,248","91","183,01","30","94,716","29","26,072","97","47,669","83","17,292","95","149,059","92","28,472","81","26,863","86","10,731","87","25,813","100","87,107","1946"
"169",99825,"82","23,154","74","7,821","69","0,375","59","1,77","76","5,373","62","3,733","75","5,268","54","2,323","43","7,55","47","9,447","36","4,625","47","12,547","59","1,465","90","10,081","79","8,091","65","0,817","91","8,118","69","1,901","72","6,766","68","6,93","504"
